{"fs.MB.gas_phase.properties[*,*].flow_mol": [299949.9768846161, 208572.81016482803, 112836.5138706391], "fs.MB.gas_phase.properties[*,*].temperature": [27015060.401691638, 13696013.171530318, 6870905.148889723], "fs.MB.gas_phase.properties[*,*].pressure": [0.5444413843789331, 0.03258055733832834, 0.02597790182929977], "fs.MB.gas_phase.properties[*,*].mole_frac_comp[CH4]": [4.642381515788713, 2.3718357081579553, 1.218329545597482], "fs.MB.gas_phase.properties[*,*].mole_frac_comp[CO2]": [0.03942655137468801, 0.012550006361150867, 0.005107804341282512], "fs.MB.gas_phase.properties[*,*].mole_frac_comp[H2O]": [4.570449200349113, 2.3419069539388104, 1.204298982814992], "fs.MB.solid_phase.properties[*,*].flow_mass": [140015.8136303368, 71408.9024164054, 35835.49117733097], "fs.MB.solid_phase.properties[*,*].temperature": [25018696.69084319, 11865090.427818058, 5269479.514651125], "fs.MB.solid_phase.properties[*,*].mass_frac_comp[Fe2O3]": [3.6967926779351563, 4.34330293790224, 2.4407605538860104], "fs.MB.solid_phase.properties[*,*].mass_frac_comp[Fe3O4]": [3.560159573980312, 4.182774870159701, 2.3505502733753634], "fs.MB.solid_phase.properties[*,*].mass_frac_comp[Al2O3]": [0.0012863708330451517, 0.0015113364847905825, 0.0008493099625873969]}